{
  "accuracy": 0.99,
  "classification_report": {
    "0": {
      "precision": 0.9859154929577465,
      "recall": 1.0,
      "f1-score": 0.9929078014184397,
      "support": 70.0
    },
    "1": {
      "precision": 1.0,
      "recall": 1.0,
      "f1-score": 1.0,
      "support": 23.0
    },
    "2": {
      "precision": 1.0,
      "recall": 0.8571428571428571,
      "f1-score": 0.9230769230769231,
      "support": 7.0
    },
    "accuracy": 0.99,
    "macro avg": {
      "precision": 0.9953051643192489,
      "recall": 0.9523809523809524,
      "f1-score": 0.971994908165121,
      "support": 100.0
    },
    "weighted avg": {
      "precision": 0.9901408450704225,
      "recall": 0.99,
      "f1-score": 0.9896508456082924,
      "support": 100.0
    }
  }
}